angle	a_z (g)	err_a_z (g)
0	1.03437	0.00231
10	1.01512	0.00196
20	0.97099	0.00211
30	0.89692	0.00245
40	0.80888	0.00211
50	0.69502	0.00216
60	0.54986	0.00242
70	0.40508	0.00283
